title,created,updated_time,follower_count,answer_count,site
为什么网上Python爬虫教程这么多，但是做爬虫的这么少呢？爬虫发展又该是如何呢？,2018/1/18 23:44,2018/1/19 10:34,678,57,https://www.zhihu.com/questions/265808959
Excel 到底有多厉害？,2015/1/14 17:08,2015/2/11 21:32,56413,232,https://www.zhihu.com/questions/27588491
机器学习在地理学、地理信息、遥感、环境等学科中有何用途吗？,2016/4/9 16:27,2016/4/9 16:27,428,19,https://www.zhihu.com/questions/42492917
如何评价滴滴出行宣布成立人工智能实验室 AI Labs?,2018/1/27 21:10,2018/1/29 13:24,499,56,https://www.zhihu.com/questions/266262787
Jupyter Notebook有哪些奇技淫巧？,2018/2/11 0:19,2018/2/11 0:19,1298,9,https://www.zhihu.com/questions/266988943
如何入门 Python 爬虫？,2013/3/30 21:14,2014/9/9 10:41,47253,215,https://www.zhihu.com/questions/20899988
如何分析音乐作品？,2013/2/20 0:03,2013/2/20 0:03,744,20,https://www.zhihu.com/questions/20788247
在深圳市城市交通规划设计研究中心（深圳交研中心）工作是怎样一种体验？,2017/9/25 14:31,2017/10/8 18:39,123,15,https://www.zhihu.com/questions/65831752
如何看待西安正式被定位国家中心城市？,2018/2/7 16:45,2018/2/23 16:53,4806,428,https://www.zhihu.com/questions/266819249
深度学习领域有哪些瓶颈？,2016/2/20 16:31,2018/1/1 10:45,1739,24,https://www.zhihu.com/questions/40577663
如何评价滴滴发布的智慧交通战略产品「交通大脑」?,2018/1/25 13:27,2018/1/25 13:27,66,53,https://www.zhihu.com/questions/266137821
有哪些优秀的 AI 资讯来源？,2018/1/21 21:26,2018/1/23 19:14,158,3,https://www.zhihu.com/questions/265950208
有哪些让你相见恨晚的 PPT 制作技术或知识？,2015/5/1 14:48,2015/5/7 2:50,138917,284,https://www.zhihu.com/questions/30018273
中餐和西餐中最复杂的菜能有多复杂？,2013/11/6 12:37,2018/1/21 15:01,3119,116,https://www.zhihu.com/questions/21969681
如何评价最新发布的ECharts 4？,2018/1/16 18:28,2018/1/16 19:02,452,13,https://www.zhihu.com/questions/265686476
如何看待今年复旦高数a为十年来最难？,2018/1/12 11:11,2018/1/12 11:47,187,75,https://www.zhihu.com/questions/265468869
有什么好的减肥方式吗？,2016/12/1 10:33,2016/12/1 10:33,16664,3808,https://www.zhihu.com/questions/53182692
P站上有哪些眼前一亮的画作？,2016/8/2 0:51,2016/8/7 3:59,6115,85,https://www.zhihu.com/questions/49145015
2018 年大家码下的第一行代码是什么？,2018/1/1 12:01,2018/1/2 13:45,106,60,https://www.zhihu.com/questions/264918121
2017 年你的最后一行代码写了什么？,2017/12/28 10:01,2018/1/2 11:59,1466,442,https://www.zhihu.com/questions/264733487
老师教过你最奇葩的知识有哪些？,2017/12/18 11:47,2018/1/6 11:57,42657,2672,https://www.zhihu.com/questions/264243956
在统计学中为什么要对变量取对数？,2013/11/12 10:58,2013/11/12 10:58,3331,52,https://www.zhihu.com/questions/22012482
黑客可以厉害到什么程度？,2017/12/20 0:55,2018/1/10 11:08,26869,959,https://www.zhihu.com/questions/264331588
如何看待「暴走漫画王尼玛称被监控，创始人回应系公司网管滋事」？,2017/12/21 15:08,2017/12/21 20:38,7488,1119,https://www.zhihu.com/questions/264404028
摩拜和 OFO 合并的可能性有多大？,2017/7/7 7:34,2017/12/22 17:44,337,48,https://www.zhihu.com/questions/62109148
有哪些好看极简的手表？,2015/2/23 16:28,2015/11/12 12:35,75816,845,https://www.zhihu.com/questions/28323744
怎么样可以保持早起？,2012/8/9 17:49,2012/8/9 17:49,5216,384,https://www.zhihu.com/questions/20410321
阿里云或腾讯云的学生服务器，跑TensorFlow可行吗？,2017/12/3 23:33,2017/12/3 23:34,131,21,https://www.zhihu.com/questions/263550147
为什么感觉国外的教材都比国内的厚得多？,2015/8/22 23:55,2017/12/18 11:19,2517,239,https://www.zhihu.com/questions/34918890
如何评价清华大学交叉信息院开设《自动驾驶》课程？,2017/12/15 10:59,2017/12/18 11:10,548,12,https://www.zhihu.com/questions/264107966
如何评价中科大潘建伟院士的新生研讨课？,2016/12/1 20:27,2017/12/13 17:57,304,9,https://www.zhihu.com/questions/53202208
有人相信外星人的存在吗？有人见过外星人吗？,2012/11/8 22:35,2017/11/19 14:54,6996,733,https://www.zhihu.com/questions/20584744
在工业区开的超市，怎么样改进以提高竞争力？,2012/8/9 11:35,2012/8/9 12:11,6567,37,https://www.zhihu.com/questions/20409428
男生如何不臃肿地过冬？,2013/11/1 22:59,2014/10/18 23:36,10625,365,https://www.zhihu.com/questions/21937211
有哪些城市规划设计是超前的？,2013/4/12 19:30,2013/4/12 19:30,800,28,https://www.zhihu.com/questions/20943366
同济版《高等数学》有什么缺陷？,2015/8/10 21:13,2018/1/23 10:37,1824,193,https://www.zhihu.com/questions/34423679
如何将sas装进jupyter notebook里面？,2017/11/20 23:13,2017/11/20 23:13,1,0,https://www.zhihu.com/questions/68413071
从设计规划转型到数据计算的码农，有经验的朋友可否分享一下各自的心路历程？,2017/11/13 13:27,2017/11/18 15:28,114,17,https://www.zhihu.com/questions/68049722
自学编程和计算机科班出身的差别在哪？,2017/11/11 1:19,2017/11/13 0:34,2561,200,https://www.zhihu.com/questions/67948916
是什么让你开始劝退的？,2017/11/8 10:56,2017/12/18 15:36,5217,289,https://www.zhihu.com/questions/67812985
城市规划专业绘图有什么厉害的软件、插件？,2017/8/31 16:14,2017/11/9 0:16,646,15,https://www.zhihu.com/questions/64713500
写Python的时候，你有哪些奇技淫巧？？,2017/10/26 11:23,2017/10/26 11:25,1412,34,https://www.zhihu.com/questions/67206574
生活中有哪些令你怦然心动的时刻？,2014/7/6 8:00,2017/12/13 11:21,50066,6837,https://www.zhihu.com/questions/24389300
如何评价深圳首创的「移位左转」交通通行方式？,2017/10/17 13:14,2017/10/27 11:02,123,12,https://www.zhihu.com/questions/66774095
为什么工资高的程序员会难找到女朋友？,2017/10/7 22:34,2017/10/21 10:57,3016,935,https://www.zhihu.com/questions/66325899
如何评价曾国藩？,2011/6/3 11:02,2016/6/7 11:09,5161,305,https://www.zhihu.com/questions/19692632
世界各大天文台于 2017 年 10 月 16 号晚上宣布了什么大事件？,2017/10/15 14:12,2017/10/17 14:52,3405,67,https://www.zhihu.com/questions/66678729
有哪些「神奇」的数据获取方式？,2015/7/13 13:51,2015/7/14 12:58,20801,97,https://www.zhihu.com/questions/32164316
身体湿气重吃什么喝什么能除湿？？,2017/3/26 15:53,2017/3/26 15:53,2694,94,https://www.zhihu.com/questions/57637899
顶尖律师之间的高手对决是怎样的？,2016/2/15 13:20,2016/2/15 13:20,23014,128,https://www.zhihu.com/questions/40394921
鹿晗关晓彤公开恋情，是如何把新浪微博的服务器搞垮的？,2017/10/8 13:24,2017/10/8 14:35,5823,303,https://www.zhihu.com/questions/66346687
上海有哪些吃夜宵的好去处？,2016/12/29 14:26,2017/10/1 10:02,1296,34,https://www.zhihu.com/questions/54171989
如何用一句话证明自己是个金庸迷？,2016/3/11 14:42,2016/3/11 14:42,2019,599,https://www.zhihu.com/questions/41256417
如何评价深泽直人为摩拜设计的新车？,2017/9/23 17:53,2017/9/23 17:53,948,156,https://www.zhihu.com/questions/65751233
双一流名单正式公布，接下来高校格局将会有怎样的变化和发展？,2017/9/21 11:14,2017/9/22 17:59,24702,1389,https://www.zhihu.com/questions/65643184
陈漫的照片是什么水平？是否已算是国内时尚摄影圈一姐？,2013/12/5 16:16,2013/12/5 16:25,3178,123,https://www.zhihu.com/questions/22197612
在Kaggle比赛中获得好成绩甚至拿到奖金的data scientist都经历了什么？,2017/9/1 7:17,2017/9/1 7:17,247,4,https://www.zhihu.com/questions/64738702
田子坊、南锣鼓巷、宽窄巷子的本质分别有哪些不同？,2016/7/3 11:21,2017/9/3 16:29,2029,154,https://www.zhihu.com/questions/48098779
身处逆境的毛泽东是如何做的？,2016/10/8 14:47,2017/9/5 18:15,10791,103,https://www.zhihu.com/questions/51374713
设计师觉得最悲哀的事或者最悲哀的时刻是什么？,2012/9/12 9:34,2015/5/30 12:59,15515,1684,https://www.zhihu.com/questions/20474733
为什么地名被改得很low？,2013/11/27 10:28,2018/1/26 21:21,38,12,https://www.zhihu.com/questions/22125788
人生在世，做些什么才是不枉此生？,2016/10/3 17:31,2016/10/3 17:31,1251,91,https://www.zhihu.com/questions/51231520
Kaggle 的比赛在 Machine Learning 领域中属于什么地位？,2015/7/8 23:26,2017/9/6 23:55,1824,15,https://www.zhihu.com/questions/32032932
有哪些世界名画经常被模仿、恶搞？,2015/10/2 16:11,2015/10/2 16:11,11611,362,https://www.zhihu.com/questions/36125528
港珠澳大桥建成后车是左行还是右行？,2016/9/27 8:57,2016/9/27 8:57,31,8,https://www.zhihu.com/questions/51044997
历史上有哪些著名的装逼遭雷劈的事件？,2015/3/21 11:40,2015/3/21 11:40,20659,886,https://www.zhihu.com/questions/28927850
一个优秀数据分析师应该培养哪些好习惯？,2015/8/14 14:27,2015/8/14 14:27,166,4,https://www.zhihu.com/questions/34564836
有哪些不亲临发源地就吃不上的中国美食？,2016/6/6 12:24,2018/2/12 23:20,30540,2657,https://www.zhihu.com/questions/47149518
因为什么你才会被父母打？,2017/7/6 20:21,2017/10/11 21:35,25230,6925,https://www.zhihu.com/questions/62095525
100 字内能写出怎样萌的故事？,2016/2/9 13:32,2017/8/29 16:01,67834,4201,https://www.zhihu.com/questions/40234499
你为什么使用 jupyter ，进行分析，而不是用 python 脚本或仅仅利用 excel ？,2015/11/14 17:47,2017/8/10 19:59,3255,43,https://www.zhihu.com/questions/37490497
如何评价吴恩达开设的 Deep Learning Specialization 课程？,2017/8/9 0:01,2017/8/11 0:30,2490,27,https://www.zhihu.com/questions/63612768
R 和 Python (numpy scipy pandas) 用于统计学分析，哪个更好？,2012/7/30 18:50,2014/5/13 15:00,3307,63,https://www.zhihu.com/questions/20388507
上海有哪些值得一看的建筑？,2015/7/24 9:42,2017/1/18 17:39,603,32,https://www.zhihu.com/questions/33301851
行人、自行车和机动车的轨迹数据有什么区别？它们分别有怎样的价值？结合起来能创造哪些新价值？,2017/7/14 17:44,2017/7/25 11:00,77,3,https://www.zhihu.com/questions/62436003
什么时候觉得，数据分析真的非常有用？,2017/8/1 16:51,2017/8/1 16:51,8483,132,https://www.zhihu.com/questions/63259001
活捉满广志是什么梗？,2017/7/30 23:58,2017/7/30 23:58,257,22,https://www.zhihu.com/questions/63181870
冒菜和麻辣烫是一种东西吗？有什么区别？,2012/3/22 16:49,2012/3/22 16:49,121,30,https://www.zhihu.com/questions/20135159
什么样的能量才能支撑一个人走过人生的低谷和迷茫？,2015/3/26 17:11,2018/1/16 18:19,115689,4991,https://www.zhihu.com/questions/29064178
2017 年，有哪些网络用语是最流行的？,2017/7/24 9:28,2017/12/14 3:42,746,102,https://www.zhihu.com/questions/62859045
浙大（玉泉校区）附近有什么好吃的？,2015/10/8 13:56,2015/10/15 12:07,473,64,https://www.zhihu.com/questions/36288234
美丽乡村应该怎么建设？,2014/11/30 9:45,2017/7/19 22:00,74,14,https://www.zhihu.com/questions/26848889
你听过的最委婉，最含蓄的一句诗词是什么？,2016/10/21 14:20,2017/7/19 23:11,80067,5023,https://www.zhihu.com/questions/51829486
为什么部分上海女性的家庭地位极高？,2016/3/4 16:40,2017/7/19 23:10,2399,281,https://www.zhihu.com/questions/41017337
现在大数据这么火，为什么身边一些学统计的本科生还是很难找到对口工作？,2017/7/12 12:28,2017/7/12 12:28,600,30,https://www.zhihu.com/questions/62327936
你有哪些想要分享的 PyCharm 使用技巧？,2015/11/23 10:58,2016/1/31 1:01,4199,28,https://www.zhihu.com/questions/37787004
华山、泰山、黄山、衡山、嵩山，哪个山最值得去？,2016/7/28 22:58,2017/7/13 13:05,1287,224,https://www.zhihu.com/questions/49004553
非建筑专业的人怎么欣赏建筑？,2017/4/8 17:31,2017/7/10 0:59,401,29,https://www.zhihu.com/questions/58203923
如何看待复旦大学寝室需要学生自行租空调？,2017/7/7 10:14,2017/7/10 14:33,66,49,https://www.zhihu.com/questions/62113446
有哪些你明知是假却希望是真的故事？,2017/7/1 18:54,2017/7/1 18:54,13456,3290,https://www.zhihu.com/questions/61881685
你最希望哪些技术/事物从未被发明/发现？,2017/7/1 7:39,2017/7/2 14:26,4954,765,https://www.zhihu.com/questions/61859037
如何看待北京要求所有店面都做成统一招牌？,2017/6/14 20:35,2017/12/3 17:38,1441,262,https://www.zhihu.com/questions/61101535
你的学校有哪些令你深恶痛绝的设计？,2014/12/1 19:18,2017/7/3 18:43,12198,2245,https://www.zhihu.com/questions/26872744
高一成绩不好400分左右，努力二年后有希望考进复旦吗？文科江西全国一卷？,2017/6/18 16:35,2017/6/18 16:35,46,26,https://www.zhihu.com/questions/61244112
一个好的大学除了给我们更好的文凭还能给我们什么呢？,2017/6/29 17:24,2017/6/29 17:24,86,8,https://www.zhihu.com/questions/61790976
Power BI将超越python和D3成为数据可视化的福音、定性数据分析的未来？,2017/6/29 10:02,2017/6/30 11:42,382,27,https://www.zhihu.com/questions/61770184
有哪些你看了以后大呼过瘾的数据分析书？,2017/5/24 13:59,2017/5/24 13:59,11776,35,https://www.zhihu.com/questions/60241622
你的签名可以用于回答哪些问题？,2017/6/8 14:08,2017/6/8 14:08,1264,437,https://www.zhihu.com/questions/60832466
出国留学会对人的一生有多大的影响？,2016/5/15 11:25,2016/5/15 11:25,14687,585,https://www.zhihu.com/questions/46349433
刘国梁不再担任国乒总教练，将出任乒协副主席会有哪些影响？,2017/6/20 17:34,2017/7/28 0:11,4515,393,https://www.zhihu.com/questions/61330554
各位前辈推荐一下区块链学习的书籍吧！麻烦从入门到精通都推荐一下？,2017/6/16 9:03,2017/6/16 9:03,530,13,https://www.zhihu.com/questions/61156867
同济大学的高考录取分数是怎么高起来的？,2016/3/27 17:23,2016/3/27 17:23,250,45,https://www.zhihu.com/questions/41843665
如何看待大量土木工程从业者选择转行？,2015/11/21 23:26,2017/6/19 17:35,11030,740,https://www.zhihu.com/questions/37744281
作死成功是种怎样的体验？,2016/8/25 11:12,2017/9/1 16:36,34442,1726,https://www.zhihu.com/questions/49994063
UC 伯克利的学生都住在哪里？,2015/3/27 17:00,2015/7/20 10:40,253,13,https://www.zhihu.com/questions/29090990
上海在城市规划上有哪些败笔？,2012/10/18 20:07,2014/5/30 20:59,3169,144,https://www.zhihu.com/questions/20540429
还能回忆起你高考时的场景吗？,2017/4/16 22:25,2017/6/6 21:30,7236,2979,https://www.zhihu.com/questions/58585620
知乎干货越来越少  上哪里找更适合学习和分享的地方。？,2017/5/29 8:37,2017/5/29 8:37,98,8,https://www.zhihu.com/questions/60419485
有哪些看起来违背力学原理的建筑？,2017/5/25 17:59,2017/7/10 13:53,9082,150,https://www.zhihu.com/questions/60292596
如何评价 AlphaGo 自我对弈 50 盘棋？,2017/5/27 16:32,2017/5/29 11:44,4850,142,https://www.zhihu.com/questions/60366539
哪些名人有一些非常有趣的小故事？,2017/2/26 18:31,2017/8/25 22:48,21572,409,https://www.zhihu.com/questions/56345744
如何看待在ACM ICPC World Final 2017中，清华大学取得第6名的成绩？,2017/5/25 6:39,2017/5/25 10:17,928,34,https://www.zhihu.com/questions/60269056
北京的杨絮和柳絮从市政的角度来讲有没有更好的解决方案？,2017/5/2 11:30,2017/5/26 10:46,143,23,https://www.zhihu.com/questions/59277338
如何评价 5 月 23 日微软上海发布会推出的 new Surface Pro？,2017/5/23 20:01,2017/5/24 11:07,1652,132,https://www.zhihu.com/questions/60214495
如何评价最新上报审定的《北京城市总体规划（2016 年 - 2030 年）》？,2017/3/28 18:38,2017/9/29 11:10,562,13,https://www.zhihu.com/questions/57738158
用Ubuntu做日常开发电脑的系统是一种怎样的体验？,2015/5/31 0:45,2015/6/1 0:05,1292,114,https://www.zhihu.com/questions/30816866
TensorFlow 如何入门？,2016/8/23 3:14,2016/11/14 10:45,12209,59,https://www.zhihu.com/questions/49909565
中国有哪些设计优秀的城市步行街？,2017/5/17 1:37,2017/5/17 1:37,4753,124,https://www.zhihu.com/questions/59938583
什么是「少年心」？,2014/6/4 22:15,2017/7/1 10:14,23185,1535,https://www.zhihu.com/questions/24027009
如何看待清华大学2017年转系申请结果？,2017/4/24 18:49,2017/4/24 18:49,367,28,https://www.zhihu.com/questions/58953127
明知道不会胜利还要去挑战，到底是勇敢还是愚蠢？,2017/3/12 17:57,2017/3/12 17:57,124,44,https://www.zhihu.com/questions/56997955
被「连环拒」是种怎样的体验？,2014/11/26 18:14,2018/2/7 21:44,5298,407,https://www.zhihu.com/questions/26796160
什么样的城市规划师才是优秀的城市规划师？,2017/4/25 0:58,2017/4/25 0:58,80,8,https://www.zhihu.com/questions/58968985
地铁站里面放置抓娃娃是什么经济学原理？,2017/4/30 15:31,2017/4/30 15:32,3,1,https://www.zhihu.com/questions/59204185
有一个工程师家长是什么样的体验？,2015/7/10 11:57,2015/7/10 11:57,5675,581,https://www.zhihu.com/questions/32075030
给你曾经拍过的喜欢的照片配上一段话？,2017/4/9 14:22,2017/4/9 14:32,4805,980,https://www.zhihu.com/questions/58237802
pandas为什么读写文件那么快？,2017/3/31 11:53,2017/3/31 11:53,143,6,https://www.zhihu.com/questions/57858340
你最喜欢的故事是什么？,2015/1/22 16:15,2017/9/8 8:07,204895,6227,https://www.zhihu.com/questions/27726057
人类历史上，有哪些一触即发却擦身而过、大众不知道的危机？,2017/4/20 16:11,2017/4/22 20:57,12274,216,https://www.zhihu.com/questions/58767217
如何评价蔚来汽车第一款量产车 ES8？,2017/4/19 9:12,2017/12/17 13:09,1421,98,https://www.zhihu.com/questions/58695881
真正喜欢工科专业的人是什么样的？,2016/3/1 4:59,2016/3/1 4:59,1544,135,https://www.zhihu.com/questions/40894085
作为医学生，你经历或老师讲述过的有意思的病例有哪些？,2015/9/18 7:49,2017/12/18 15:22,87867,3500,https://www.zhihu.com/questions/35713706
下雨天如何拍出好的摄影作品?,2015/4/2 11:41,2015/4/2 11:41,610,35,https://www.zhihu.com/questions/29238883
如何看待清华大学2017年招生新增交通工程本科专业？,2017/4/11 8:08,2017/4/11 8:08,21,3,https://www.zhihu.com/questions/58319665
如何理解北京计划 5 年内增加 150 万套住房的消息？会带来哪些影响？,2017/4/7 20:23,2017/4/10 14:04,2237,89,https://www.zhihu.com/questions/58168757
怎么拍好男生？,2015/4/26 23:51,2016/12/16 22:31,13490,363,https://www.zhihu.com/questions/29901929
从没看过英文原版小说，但是英语基础还可以，如何才能适应原版小说，是囫囵吞枣泛读？还是边看边查精读？,2016/1/6 11:20,2016/1/6 11:20,396,17,https://www.zhihu.com/questions/39209262
上海有哪些可以坐一下午看书的地方？,2017/4/4 9:34,2017/4/4 9:34,5,2,https://www.zhihu.com/questions/58004311
中国为什么要控制北京上海的人口，明明还有很多土地可以用于建住宅？,2017/3/29 8:36,2017/11/27 16:11,6534,275,https://www.zhihu.com/questions/57757670
有哪些图片会让你想到一句歌词？,2017/4/1 21:47,2017/4/1 21:52,4378,386,https://www.zhihu.com/questions/57920058
初到上海，怎么样丰富自己的生活？,2017/4/2 16:54,2017/4/2 16:54,198,21,https://www.zhihu.com/questions/57945213
如何说服清华大学搬到廊坊大学城？,2017/4/2 10:44,2017/4/2 10:44,87,19,https://www.zhihu.com/questions/57934427
机器学习，神经网络在控制科学中的前景和应用大吗？为什么？,2015/4/20 21:14,2015/4/20 21:14,875,19,https://www.zhihu.com/questions/29727968
有哪些看上去就很孤独的照片？,2017/3/20 21:13,2017/12/18 14:41,21765,3046,https://www.zhihu.com/questions/57379049
机器学习门下，有哪些在工业界应用较多，前景较好的小方向？,2017/3/14 8:51,2017/3/14 9:04,949,9,https://www.zhihu.com/questions/57072166
你最担心下一代人会对哪些我们熟知的东西一无所知？,2017/3/20 12:46,2017/3/20 12:46,12729,1537,https://www.zhihu.com/questions/57356564
在大学期间，你拍过最棒的照片是哪张？,2017/3/17 21:46,2017/3/22 21:55,6988,2583,https://www.zhihu.com/questions/57252859
突然什么都不想做了不想学习怎么办？,2016/5/11 11:27,2016/5/11 11:27,20151,527,https://www.zhihu.com/questions/46101632
北京地铁15号线西线未延伸到圆明园连接4号线是否与清华大学有关？,2014/12/30 12:04,2015/1/13 7:30,463,30,https://www.zhihu.com/questions/27317243
人在迷茫时该干什么？,2013/12/20 0:55,2017/5/11 12:22,74647,2218,https://www.zhihu.com/questions/22321313
如何评价中科大教务处3月20日通知对成绩后50%申请国外暑研的同学『酌情降低资助标准或不提供资助』？,2017/3/20 18:11,2017/3/20 18:11,144,47,https://www.zhihu.com/questions/57371692
如何评价清华即将实施大类招生和大类培养？,2017/3/19 19:34,2017/4/11 0:20,628,80,https://www.zhihu.com/questions/57328559
喜欢玩《侠客风云传》的和喜欢看《武林外传》的是不是一拨人？如果是，两部作品的共同精神内核是什么？,2017/3/19 18:25,2017/3/19 18:25,1,1,https://www.zhihu.com/questions/57326148
如果你能够回到过去的某一天和自己说一句话  你会选择哪一天和说哪句话？,2017/3/5 17:33,2017/3/5 17:34,83,61,https://www.zhihu.com/questions/56663471
GIS 有哪些酷炫的应用？,2015/5/23 22:23,2015/9/1 17:48,1815,25,https://www.zhihu.com/questions/30616181
如何评价“一枚中科院科研人员的自白：我为什么选择离开”？,2017/3/12 15:53,2017/3/21 12:35,3823,305,https://www.zhihu.com/questions/56992343
如何解读《苏州河》？,2014/6/30 4:25,2014/6/30 4:25,223,30,https://www.zhihu.com/questions/24320911
上海对年轻人关上大门了吗？,2015/9/2 20:05,2017/3/14 9:46,17871,563,https://www.zhihu.com/questions/35271096
Steemit 会颠覆 Quora/知乎 甚至 Facebook 吗？,2016/7/28 10:35,2018/1/8 14:09,3574,46,https://www.zhihu.com/questions/48976357
20岁做什么，可在5年后受益匪浅？,2014/12/11 20:40,2017/5/23 20:47,87566,1158,https://www.zhihu.com/questions/27032155
哪些城市的交通体验很糟糕？,2015/11/1 8:37,2015/11/1 8:40,1068,368,https://www.zhihu.com/questions/37069056
历史上有哪些「下落不明」的神秘人物？,2015/5/28 19:08,2018/2/9 4:52,5030,276,https://www.zhihu.com/questions/30755910
交通摄像头拍到的车辆违章信息是机器自动识别的吗？精度有多高？提升精度的难点在哪里？,2017/3/3 14:05,2017/3/3 14:05,64,6,https://www.zhihu.com/questions/56567517
高铁站和机场位于同一个交通枢纽是否合适？,2013/3/21 15:38,2017/3/3 22:02,74,20,https://www.zhihu.com/questions/20870392
交通工程和土木工程的异同点（联系和区别）？,2017/3/3 15:23,2017/3/3 15:23,3,1,https://www.zhihu.com/questions/56571439
如何评价微博账号@上海交通大学？,2017/1/30 0:41,2017/1/30 0:41,130,21,https://www.zhihu.com/questions/55224759
Python中除了matplotlib外还有哪些数据可视化的库？,2016/1/20 22:59,2016/1/20 22:59,1052,19,https://www.zhihu.com/questions/39684179
减肥期间有哪些低脂又好吃方便的东西？,2015/10/20 17:13,2015/10/20 17:19,120864,1025,https://www.zhihu.com/questions/36688754
人这一生为什么要努力？,2014/3/3 11:36,2017/6/17 14:56,146551,7906,https://www.zhihu.com/questions/22913650
哪些地方适合一个人旅行？,2015/1/18 11:24,2015/1/18 11:24,86200,1137,https://www.zhihu.com/questions/27648526
如何评价“上海交通大学校长张杰卸任，常务副校长林忠钦接任”？,2017/2/23 11:25,2017/2/23 11:25,149,16,https://www.zhihu.com/questions/56192483
去 KTV，你最讨厌别人点哪些歌？,2017/2/21 2:44,2018/1/5 21:24,10740,3010,https://www.zhihu.com/questions/56085074
如果铁路局不再是国有制，变成私有化会怎么样？,2017/2/8 16:02,2017/2/22 15:24,697,174,https://www.zhihu.com/questions/55563325
高度自律是种怎样的体验？,2015/6/10 21:26,2017/5/30 13:50,76272,1475,https://www.zhihu.com/questions/31170586
如何看待杨振宁，姚期智两教授已放弃外国国籍，转为中科院院士？,2017/2/21 13:37,2017/2/21 23:28,777,102,https://www.zhihu.com/questions/56100872
现在的男性是否普遍不再对女性展开追求了？为什么？,2017/2/13 4:40,2017/2/19 23:31,175348,24605,https://www.zhihu.com/questions/55744630
有什么对身体很好的习惯或经验，你知道后你的世界马上就不一样了？,2016/1/28 10:49,2016/10/16 15:58,105432,782,https://www.zhihu.com/questions/39910834
有哪些漂亮的女性剧照或电影截图？,2016/1/31 13:59,2016/11/11 21:57,83894,6362,https://www.zhihu.com/questions/40007169
23岁女生二战复旦金专还是回老家考公呢？,2017/2/13 22:09,2017/7/18 17:01,2668,540,https://www.zhihu.com/questions/55777084
有哪些绕路绕得很奇葩的铁路车次？,2017/2/3 15:51,2017/2/3 15:51,935,106,https://www.zhihu.com/questions/55361937
和喜欢的人过情人节是怎样一种体验？,2015/2/13 2:13,2015/2/13 2:13,1875,188,https://www.zhihu.com/questions/28156508
鄙视链现象普遍存在的深层原因是什么？,2016/12/26 17:20,2016/12/26 17:48,432,21,https://www.zhihu.com/questions/54067769
有哪些有利于人保持年轻、健康、漂亮的状态的细微的好习惯？,2014/11/8 15:40,2017/8/23 18:46,112929,714,https://www.zhihu.com/questions/26530769
为什么说中国是基建狂魔？,2016/7/20 11:38,2017/1/30 19:15,16140,859,https://www.zhihu.com/questions/48689851
有哪些外交黑话？,2014/11/12 20:34,2017/5/30 22:43,20480,79,https://www.zhihu.com/questions/26589039
如何评价我的这10张照片？,2017/1/25 16:38,2017/2/1 17:43,1908,353,https://www.zhihu.com/questions/55117169
自动驾驶问题很多，未来前景如何？,2016/9/20 10:01,2016/9/22 10:33,666,97,https://www.zhihu.com/questions/50806552
手机里你最不舍得删掉的一张照片是什么？,2016/12/27 16:37,2017/2/5 16:23,61651,16838,https://www.zhihu.com/questions/54104076
有哪些令你感觉惊艳的人名？,2016/6/13 12:22,2018/1/15 23:37,163280,33288,https://www.zhihu.com/questions/47387826
如何理解动态规划？,2016/1/29 12:20,2016/2/25 13:48,2628,56,https://www.zhihu.com/questions/39948290
小说提过十香软筋散第二次服用立毙，那么周芷若以十香软筋散迷倒张无忌和谢逊嫁祸赵敏是不是不成立？,2017/1/14 18:39,2017/1/14 18:39,4,1,https://www.zhihu.com/questions/54758752
怎样正确地理解「Less is More」？,2015/7/29 21:41,2016/8/18 18:06,8314,565,https://www.zhihu.com/questions/33602031
如何评价2017年美国大学生数学建模竞赛？,2017/1/14 20:53,2017/1/14 20:53,775,160,https://www.zhihu.com/questions/54762871
有一个同济大学的男朋友是怎样一种体验？,2015/11/1 12:22,2016/3/15 14:48,780,188,https://www.zhihu.com/questions/37074117
如何评论2016-2017年浙江大学秋冬学期线性代数期末考试？,2017/1/17 10:12,2017/1/17 20:10,294,124,https://www.zhihu.com/questions/54844535
交通规划设计院常用软件有哪些？,2014/2/28 14:50,2014/2/28 14:50,180,7,https://www.zhihu.com/questions/22883755
如何使学习变得有趣？,2016/11/7 23:08,2016/11/11 18:50,2928,53,https://www.zhihu.com/questions/52390980
如何在多版本anaconda python环境下转换spyder？,2016/8/2 0:33,2016/8/2 0:33,140,17,https://www.zhihu.com/questions/49144687
No module named 'mpl_toolkits.basemap'?,2016/12/2 19:43,2016/12/2 19:43,6,1,https://www.zhihu.com/questions/53233215
已经有了各省的数据，如何将信息以可视化的方式显示在地图上？顺便问一下python有相关的第三方包没？,2015/8/17 18:35,2015/8/17 18:39,259,11,https://www.zhihu.com/questions/34674954
如何成为一个能独立思考的人？,2012/10/12 15:37,2014/1/20 11:38,46154,969,https://www.zhihu.com/questions/20527159
数据可视化的软件，个人使用的，求推荐，最好多说几个，多多益善？,2015/3/24 11:31,2015/3/24 11:31,1533,37,https://www.zhihu.com/questions/29000497
有哪些关于上海的冷知识？,2016/11/6 0:49,2017/6/2 20:33,8205,297,https://www.zhihu.com/questions/52328369
手汗多是种怎样的体验？,2015/7/30 8:20,2016/11/8 11:57,2979,1070,https://www.zhihu.com/questions/33620392
Python 的练手项目有哪些值得推荐？,2015/4/7 18:54,2017/12/13 10:58,50412,85,https://www.zhihu.com/questions/29372574
如何画一个优雅的上海地铁图？,2016/8/18 16:59,2016/12/9 8:55,531,18,https://www.zhihu.com/questions/49751784
怎样更好地去了解一座城市？,2012/8/19 14:39,2012/8/19 14:39,17313,1011,https://www.zhihu.com/questions/20430334
有哪些现实世界的地铁规划原则可以运用到迷你地铁(Mini Metro)这个游戏中来？,2014/5/16 10:55,2014/5/16 11:00,276,4,https://www.zhihu.com/questions/23791269
如何评价比亚迪的跨座式单轨「云轨」？,2016/10/11 11:20,2016/10/20 11:55,726,80,https://www.zhihu.com/questions/51474885
如何评价《一名非典型985毕业生的大学简史》一文？,2016/10/12 12:46,2016/10/12 12:46,1413,99,https://www.zhihu.com/questions/51514525
如何评价武汉市第四轮轨道交通规划2017-2025？,2016/10/13 10:28,2016/12/2 12:11,418,19,https://www.zhihu.com/questions/51546117
如何看待2016年清华特奖候选人？,2016/10/13 12:34,2016/11/13 15:50,3571,100,https://www.zhihu.com/questions/51550676
如何直观理解矩阵和线性代数？,2013/5/19 23:59,2013/5/19 23:59,3932,35,https://www.zhihu.com/questions/21082351
上海比其他世界性城市差在什么地方？,2016/3/2 0:29,2016/10/7 13:01,918,86,https://www.zhihu.com/questions/40926900
你觉得最美的火车站是哪一座？,2016/10/1 18:17,2017/12/1 12:57,8517,1352,https://www.zhihu.com/questions/51181490
长沙是一个怎样的城市？,2014/5/23 19:10,2017/9/20 21:04,797,113,https://www.zhihu.com/questions/23883442
根据长沙的城市规划，新的商业圈会出现在哪个地方？如果现在在长沙买房，买在哪个地方最具投资价值？,2016/3/2 8:41,2016/3/2 8:41,54,4,https://www.zhihu.com/questions/40930122
长沙的交通怎么改善?,2014/3/25 23:44,2014/3/25 23:44,2,0,https://www.zhihu.com/questions/23165956
重庆是座怎么样的城市？,2015/12/17 15:10,2016/9/10 18:23,6704,518,https://www.zhihu.com/questions/38614289
重庆地形如此不利于现代交通的发展，为何还会成为大都市？为什么国家还会把其定为直辖市？,2016/2/4 22:07,2016/2/4 22:07,551,45,https://www.zhihu.com/questions/40137492
如何处理 Python 入门难以进步的现象？,2015/2/4 0:43,2015/9/1 1:36,8784,114,https://www.zhihu.com/questions/27969262
你曾坚持背诵过哪些令你获益匪浅的英文文章？,2015/10/5 23:05,2017/10/26 21:48,20118,214,https://www.zhihu.com/questions/36213455
一个人旅行是什么体验？,2015/1/6 12:27,2017/7/22 19:10,85618,9145,https://www.zhihu.com/questions/27427250
如何看待郑州6.5亿立交桥刚开通便成新堵点 1公里走半小时？,2016/9/19 18:03,2016/9/19 18:03,114,19,https://www.zhihu.com/questions/50787869
军队某些严酷的训练长远看对士兵的身体健康利弊如何？,2014/9/7 21:00,2016/9/27 14:00,7856,785,https://www.zhihu.com/questions/25234404
如何评价2016年数学建模国赛？,2016/9/9 7:47,2016/9/9 7:47,556,109,https://www.zhihu.com/questions/50478516
什么是少年？,2016/9/14 16:10,2016/9/15 23:17,1565,296,https://www.zhihu.com/questions/50644243
Moleskine 在上海哪些地方有卖？,2014/4/21 13:05,2014/4/22 20:21,13,4,https://www.zhihu.com/questions/23491939
【手帐】国内、国外都有哪些高品质的手帐本品牌？,2015/10/28 17:22,2017/3/10 12:50,6012,41,https://www.zhihu.com/questions/36961694
怎么才能托福快速达到 110+？,2014/3/10 12:49,2014/7/19 13:10,24953,210,https://www.zhihu.com/questions/22990672
如何看待 钟志华担任同济大学校长？,2016/9/6 15:05,2016/9/6 15:05,193,27,https://www.zhihu.com/questions/50393522
有哪些令人难以忘怀怦然心动的影视配乐？,2016/8/26 20:24,2016/8/26 20:38,13392,2644,https://www.zhihu.com/questions/50051595
2016 年 9 月 1 日长征四号丙火箭搭载高分十号卫星发射失败原因是什么？对中国航天有什么影响？,2016/9/2 0:58,2016/9/3 17:57,129,13,https://www.zhihu.com/questions/50255940
如何评价复旦大学军训动员大会的艾滋病讲座中关于同性恋的言论？,2015/7/12 10:49,2015/7/15 3:29,1412,244,https://www.zhihu.com/questions/32126693
如何评价同济大学军训动员大会的艾滋病讲座？,2015/8/30 15:43,2015/8/30 15:43,124,34,https://www.zhihu.com/questions/35169939
哪张图能诠释出你所向往的生活？,2014/8/4 7:19,2015/11/7 1:10,31204,4180,https://www.zhihu.com/questions/24723162
火车长途硬座有哪些黑魔法？,2015/2/8 12:53,2018/2/11 19:50,12244,1192,https://www.zhihu.com/questions/28060669
有哪些非常让人感动的民谣？,2015/12/10 18:41,2016/9/29 21:50,35493,2796,https://www.zhihu.com/questions/38390536
如何看待食堂阿姨打菜分量根据性别而变？,2016/8/22 19:43,2016/8/24 13:46,1384,541,https://www.zhihu.com/questions/49897594
如何评价大冰新书《好吗好的》？,2016/7/5 22:06,2016/8/22 19:40,682,346,https://www.zhihu.com/questions/48186695
你是通过什么渠道获取一般人不知道的知识和信息的？,2014/6/30 15:51,2014/7/7 19:19,158564,667,https://www.zhihu.com/questions/24326030
你的家族里出现过的最显赫的人有多显赫？,2016/2/9 19:48,2016/8/12 10:09,7161,1377,https://www.zhihu.com/questions/40241516
如何欣赏抽象艺术？,2013/8/19 22:49,2013/8/19 22:49,634,39,https://www.zhihu.com/questions/21507351
可以用 Python 编程语言做哪些神奇好玩的事情？,2013/7/28 13:41,2014/8/17 14:18,29477,190,https://www.zhihu.com/questions/21395276
傅园慧的手比 2016 里约奥运会女子 100 仰泳亚军美国选手贝克短吗？短多少？,2016/8/9 9:40,2016/8/9 10:07,143,64,https://www.zhihu.com/questions/49403789
中国的外交是哪些人在搞，水平如何？,2014/6/11 8:57,2014/6/11 8:57,1073,32,https://www.zhihu.com/questions/24105496
史上有没有间谍打入其他国家当选国家最高领导人？,2015/2/14 14:17,2017/11/15 17:06,10884,438,https://www.zhihu.com/questions/28181478
如何消灭所有奥特曼?,2016/7/31 22:37,2016/7/31 22:37,143,52,https://www.zhihu.com/questions/49103226
如何看待 7 月 29 日多国科学家表示无法重复韩春雨实验，建议 Nature Biotech 介入？,2016/7/31 5:48,2017/8/3 23:59,5910,188,https://www.zhihu.com/questions/49078861
有哪些使你感动的图片？,2016/7/24 7:08,2017/9/14 20:58,5363,559,https://www.zhihu.com/questions/48824939
如何看待北京将在人大北航等高校进行试点拆除实体围墙的行为？,2016/7/27 9:38,2017/6/9 21:10,1307,288,https://www.zhihu.com/questions/48935238
国内有哪些非常有设计感的 App？,2015/1/8 18:41,2017/12/27 10:31,63935,385,https://www.zhihu.com/questions/27475550
在哪里能找到各行业的分析研究报告？,2011/7/14 11:21,2011/7/14 11:21,61693,212,https://www.zhihu.com/questions/19766160
清北以及其他顶尖高校的高才生寒暑假都做什么？,2015/2/14 21:29,2015/8/19 12:48,11615,445,https://www.zhihu.com/questions/28187517
十月革命后，俄罗斯的贵族真的如电视剧中所说流落世界各地了吗？,2014/10/22 22:38,2014/10/22 22:38,1631,95,https://www.zhihu.com/questions/26165225
如何评价同济大学嘉定校区？,2016/7/3 0:26,2016/7/3 0:26,178,37,https://www.zhihu.com/questions/48091368
如果你是诸葛亮，在摆空城计的时候你会唱什么歌？,2016/7/9 18:18,2016/7/26 23:06,5084,1467,https://www.zhihu.com/questions/48318331
如何看待摄你妹专门喷拍的不好的人？,2014/10/29 15:22,2014/11/1 13:01,529,77,https://www.zhihu.com/questions/26393181
如何评价 Prisma 这款相片加工 App？,2016/7/14 9:14,2016/7/16 16:25,4150,171,https://www.zhihu.com/questions/48470937
以前没有电脑手机的时候大学生都做什么？,2016/6/21 18:11,2016/7/1 18:24,7088,417,https://www.zhihu.com/questions/47669891
在交通工具上靠着陌生人的肩膀睡着了或是被陌生人靠着肩膀睡着了是怎样一种体验？,2016/7/13 13:16,2016/7/22 10:19,24636,2474,https://www.zhihu.com/questions/48442985
如果把 NBA 近 20 年的浓缩为一场下午打到傍晚的野球场，故事应该怎么写？,2016/7/16 11:52,2016/7/16 17:24,1249,59,https://www.zhihu.com/questions/48548932
丧失了喜欢人的能力是怎样的体验？,2015/6/26 10:59,2017/11/4 0:54,100959,11451,https://www.zhihu.com/questions/31637520
学Python Django学得很迷茫，怎么办？,2014/10/24 23:45,2017/5/9 22:43,3535,88,https://www.zhihu.com/questions/26235428
如何保持精力充沛，有效避免困、倦、疲、乏等不良生理状况？,2013/5/23 14:10,2016/9/5 11:30,83081,487,https://www.zhihu.com/questions/21097892
到成都和重庆旅游（吃喝），攻略可以是什么样的？,2015/10/6 8:48,2017/1/23 14:51,13189,213,https://www.zhihu.com/questions/36219939
如何看待清华大学建筑系学生大规模转专业？,2016/5/15 14:57,2016/7/6 2:13,3505,145,https://www.zhihu.com/questions/46355799
如何用相声的形式表现《三体》的情节？,2016/7/13 7:49,2016/7/13 7:51,89,6,https://www.zhihu.com/questions/48432950
怎样看待「身材都无法控制，还如何控制人生」这句话？,2016/7/7 0:51,2017/2/17 11:52,13998,2262,https://www.zhihu.com/questions/48227005
作为一名工程师，最大的成就感来自哪里？,2016/5/29 8:18,2016/6/12 10:49,3269,286,https://www.zhihu.com/questions/46867946
如何看待蒂姆邓肯的退役？,2016/7/11 22:38,2016/7/12 0:16,1821,440,https://www.zhihu.com/questions/48387850
《大鱼・海棠》是烂片吗？,2016/7/8 2:57,2016/7/11 11:29,4340,1400,https://www.zhihu.com/questions/48264149
电影《大鱼・海棠》有哪些细思极恐的细节？可以开怎样清奇的脑洞？,2016/7/8 23:37,2016/7/13 20:45,9168,614,https://www.zhihu.com/questions/48296279
南开为什么没落了？,2014/6/12 17:53,2014/6/12 17:53,1609,280,https://www.zhihu.com/questions/24124744
零基础如何学爬虫技术？,2016/6/27 9:59,2017/12/12 23:22,15028,82,https://www.zhihu.com/questions/47883186
08 年的四万亿计划对现在有哪些积极和消极影响？,2016/2/2 2:31,2017/3/4 17:26,9260,212,https://www.zhihu.com/questions/40056948
如何评价动画电影《大鱼・海棠》？,2016/7/3 18:05,2016/7/12 11:41,30760,8445,https://www.zhihu.com/questions/48109458
VSCO Cam 全套滤镜有哪些使用技巧？,2015/3/20 1:37,2016/3/3 17:58,791,3,https://www.zhihu.com/questions/28898993
如何评价 Pokémon GO 的上线？,2016/7/6 13:41,2017/6/24 20:38,13591,747,https://www.zhihu.com/questions/48204744
杜兰特该不该离开雷霆？,2016/5/14 14:54,2016/6/2 16:19,1506,484,https://www.zhihu.com/questions/46318887
用 Python 进行数据分析，不懂 Python，求合适的 Python 书籍或资料推荐？,2014/7/18 11:08,2016/7/7 18:22,3365,25,https://www.zhihu.com/questions/24526559
数据科学（Data Science/Analytics）出身，可以在咨询行业做些什么？,2015/8/8 17:59,2017/5/13 11:44,1459,19,https://www.zhihu.com/questions/34310860
有哪些网站用爬虫爬取能得到很有价值的数据？,2015/10/2 21:19,2015/10/2 21:19,27844,134,https://www.zhihu.com/questions/36132174
上海有哪些值得一去的餐馆，馆子里一定要尝试的菜式有哪些？,2016/6/30 11:33,2016/6/30 11:33,9439,187,https://www.zhihu.com/questions/48002297
如何评价教育部正式废除 985、211 工程，将开展双一流建设？,2016/6/29 7:45,2016/7/3 12:03,11460,624,https://www.zhihu.com/questions/47959141
如何评价王垠最新文章《关于离开美国的决定》？,2016/6/20 8:12,2016/6/20 8:26,1365,161,https://www.zhihu.com/questions/47614672
有哪些小技能是可以通过闲暇时间学到的？,2015/10/7 19:59,2017/10/1 10:23,121603,572,https://www.zhihu.com/questions/36267481
关于孤独，什么样的描述最能引起你的共鸣？,2015/8/27 11:59,2018/1/11 18:25,83144,17045,https://www.zhihu.com/questions/35070138
有哪些歌听了，像过完了一生？,2015/9/23 10:11,2017/12/13 15:47,67691,8445,https://www.zhihu.com/questions/35872841
请问，国外哪些学校的交通工程专业推荐去留学呢？,2016/3/24 23:29,2016/3/24 23:29,44,3,https://www.zhihu.com/questions/41757345
如何评价网络剧《余罪》？,2016/5/23 20:06,2016/5/23 20:06,5456,786,https://www.zhihu.com/questions/46671146
如何评价 2015 - 2016 赛季  NBA 总决赛勇士 VS 骑士 G7 ？,2016/6/19 10:34,2016/6/20 11:38,7355,1999,https://www.zhihu.com/questions/47587261
《红楼梦》中有哪些细思恐极的细节？,2015/4/20 21:13,2017/10/13 14:04,57928,1321,https://www.zhihu.com/questions/29727952
你经历过的哪些事情使你感受到美国的强大？,2015/1/23 11:13,2016/6/22 16:50,22992,817,https://www.zhihu.com/questions/27738917
如何把 2016 年各地高考作文写出武侠小说的感觉？,2016/6/12 22:07,2016/7/4 13:28,2899,91,https://www.zhihu.com/questions/47371008
高考结束了，对于报志愿有什么建议么？,2016/6/8 19:27,2016/6/8 19:27,4832,497,https://www.zhihu.com/questions/47239566
为什么总在半夜听到楼上弹球掉地上的声音？,2013/10/6 15:19,2014/9/11 11:58,5504,418,https://www.zhihu.com/questions/21755821
IT互联网男都是通过什么途径找到女朋友的？,2016/5/21 19:10,2016/5/21 19:10,3145,587,https://www.zhihu.com/questions/46592558
如何评价 2016 年全国一卷高考漫画作文题（耳光与亲吻）？,2016/2/25 23:41,2016/6/7 15:07,4760,816,https://www.zhihu.com/questions/40761619
中国有哪些逆天的文物？,2014/2/1 9:33,2014/2/24 14:46,67648,710,https://www.zhihu.com/questions/22638720
中国古代器物史上有哪些很酷的设计？,2012/2/20 22:59,2014/5/28 13:47,5864,146,https://www.zhihu.com/questions/20076267
有哪些现代分析方法可以用于解决“红楼梦续写争议”？有哪些例子？,2016/6/3 14:52,2016/6/3 14:53,373,13,https://www.zhihu.com/questions/47059344
杜月笙到底是个什么样的人？,2011/12/25 17:41,2011/12/25 17:41,4816,138,https://www.zhihu.com/questions/19990056
如何购买特价机票？,2015/3/5 10:02,2015/3/8 8:17,47014,219,https://www.zhihu.com/questions/28532142
如何评价谢春花这位唱作人？,2016/3/28 20:57,2017/5/15 13:05,1228,133,https://www.zhihu.com/questions/41886560
江西真的是最没存在感的省份吗？,2016/5/23 10:19,2016/5/23 10:19,4216,1288,https://www.zhihu.com/questions/46646611
媒体断章取义的恶习有多严重？,2015/9/23 11:54,2017/12/25 10:17,4195,280,https://www.zhihu.com/questions/35876370
有哪些漂亮的中国风 LOGO 设计？,2015/10/22 15:45,2017/10/21 1:15,9414,219,https://www.zhihu.com/questions/36757951
怎样快速有效地学习游泳？,2011/7/14 19:37,2017/10/1 10:20,43691,662,https://www.zhihu.com/questions/19767374
如何看待新闻『农村娃站上哈佛毕业演讲台』主角――何江？,2016/5/27 9:13,2016/5/27 14:33,1547,95,https://www.zhihu.com/questions/46802925
你最喜欢钟立风的哪首歌？为什么？,2012/12/5 18:58,2012/12/5 19:13,74,34,https://www.zhihu.com/questions/20638803
李克强破「中等收入陷阱」的方法对吗？,2015/11/12 22:30,2016/4/6 10:24,14537,316,https://www.zhihu.com/questions/37434148
交通工程专业必读的著作有哪些？,2014/6/20 23:30,2014/6/20 23:30,331,5,https://www.zhihu.com/questions/24220766
你在青年旅舍有哪些难忘的经历？,2012/2/9 9:52,2013/5/2 14:24,21037,1521,https://www.zhihu.com/questions/20055884
顶级的小提琴好在哪里？,2015/2/25 12:43,2015/2/25 12:43,2794,73,https://www.zhihu.com/questions/28357269
传统工科行业的工程师是否已经沦为新时代的农民工，被金融和 IT 行业完爆？,2014/11/10 21:20,2015/10/14 8:53,21313,597,https://www.zhihu.com/questions/26561498
为什么知乎上的回答总让人感觉装逼，而小木虫就不呢？,2016/3/1 8:33,2016/3/1 8:33,977,104,https://www.zhihu.com/questions/40895302
你的学校有哪些令你赞不绝口的设计？,2014/11/19 10:36,2014/11/19 10:36,32295,3181,https://www.zhihu.com/questions/26680768
如何评价电影《希特勒回来了》(Er ist wieder da)?,2016/4/4 12:01,2017/11/20 20:42,4773,285,https://www.zhihu.com/questions/42114490
如何看待 4 月 3 日「望京 798 和颐（如家）酒店女生遇袭」事件？,2016/4/5 21:35,2016/4/15 1:48,25254,3145,https://www.zhihu.com/questions/42173009
如何看待华南理工大学、同济大学法学博士点被撤销?,2016/3/27 0:35,2016/3/30 9:38,199,19,https://www.zhihu.com/questions/41825703
如何用王家卫手法，写浙江温州江南皮革厂倒闭的故事？,2016/2/24 23:49,2016/2/24 23:49,5042,141,https://www.zhihu.com/questions/40727213
如何评价张居正？,2012/5/24 11:00,2012/5/24 11:00,4529,196,https://www.zhihu.com/questions/20255485
南京有什么必须品尝的美食和值得一去的地方？,2013/5/13 19:07,2014/4/15 18:20,30166,396,https://www.zhihu.com/questions/21055814
Kindle 有哪些鲜为人知的使用技巧？,2015/1/23 13:15,2017/12/26 16:38,79326,328,https://www.zhihu.com/questions/27741189
在名校心理学专业留校任教是一种怎样的体验？,2016/3/23 15:12,2016/11/30 13:50,8805,83,https://www.zhihu.com/questions/41700558
苏州的太湖和无锡的太湖，哪一个地方拍日落比较好看？,2016/3/25 0:15,2016/3/25 0:15,9,5,https://www.zhihu.com/questions/41759007
如何使用手机拍出一张画面感干净的照片？,2016/3/7 15:13,2016/3/7 15:13,23961,615,https://www.zhihu.com/questions/41110885
有哪些能规划旅行路线的 App？,2015/7/16 16:32,2016/3/21 10:19,10497,105,https://www.zhihu.com/questions/32261992
经济学里有什么有趣或者奇葩的结论？,2016/2/18 0:54,2016/2/18 0:54,4308,63,https://www.zhihu.com/questions/40488699
哪里有可以合法下载或购买专业书籍和专业资源的网站？,2015/4/5 20:07,2016/12/19 16:38,19929,126,https://www.zhihu.com/questions/29321380
历史上有哪些曾经社会地位很高的职业由于科技的进步被淘汰？淘汰后的失业人员又是何去何从呢？,2016/3/11 17:06,2017/6/14 11:14,15259,773,https://www.zhihu.com/questions/41262038
日本果真是我们应该追求的和谐社会吗？,2016/2/18 10:28,2016/3/29 19:20,3246,156,https://www.zhihu.com/questions/40495032
在江西省泰和中学就读是一种怎样的体验？,2016/1/11 16:36,2016/1/11 18:20,29,8,https://www.zhihu.com/questions/39382615
《被讨厌的勇气》一书为什么这么受欢迎？,2015/6/9 3:25,2015/12/29 23:11,564,39,https://www.zhihu.com/questions/31096322
有哪些好看的推理剧或刑侦剧？,2015/12/2 19:48,2016/3/4 21:05,13506,338,https://www.zhihu.com/questions/38118547
假如你是新科状元，这时候皇帝公开表示要把公主嫁给你，你如何委婉拒绝却又不至于触怒皇帝公主全身而退？,2016/2/21 22:28,2016/2/22 23:04,2815,467,https://www.zhihu.com/questions/40618938
有哪些让你感叹「写出这种句子的人，我十辈子都追不上了」的句子？,2014/5/17 10:40,2017/11/8 21:28,237735,18851,https://www.zhihu.com/questions/23802668
旅行中有一个对的旅伴有多重要？,2015/11/30 13:26,2015/11/30 13:26,4953,763,https://www.zhihu.com/questions/38028411
哪些文字绝妙到「一句话就是一个故事」？,2015/6/30 11:48,2016/3/9 21:32,130456,15907,https://www.zhihu.com/questions/31784351
你的手机上有哪些有意思的 APP ？,2015/6/21 1:15,2018/1/25 22:41,133511,1662,https://www.zhihu.com/questions/31476726
有哪些让你「心上开出一朵花」的瞬间？,2015/12/6 15:47,2018/2/13 0:23,127614,17578,https://www.zhihu.com/questions/38244425
如果知乎是一所大学，它培养出的学生是怎样的人？你希望能培养出怎样的学生？,2016/2/23 15:15,2016/2/23 15:15,3227,217,https://www.zhihu.com/questions/40673633
日本新干线跟国内动车组列车（包括G字头高速动车组）相比，体验有哪些不同？,2015/1/24 17:29,2016/10/17 22:46,790,89,https://www.zhihu.com/questions/27762537
有哪些好看经典到不敢随意阅读的书籍？,2016/2/18 1:53,2016/3/1 17:21,28206,1055,https://www.zhihu.com/questions/40489608
《交换空间》有哪些惨不忍睹的案例？,2015/11/30 22:38,2016/8/20 9:51,5381,137,https://www.zhihu.com/questions/38048513
如何找到优质又满意的演示文档（PPT）中可以使用的素材？,2015/3/14 13:14,2015/3/17 21:11,22504,45,https://www.zhihu.com/questions/28752472
如何看懂《秒速五厘米》？,2015/7/20 17:57,2015/7/22 9:33,3719,446,https://www.zhihu.com/questions/32759798
有哪些尚未普及却非常好用的东西？,2015/12/24 0:38,2017/11/21 13:00,47873,347,https://www.zhihu.com/questions/38821362
怎么看待“2016 年对于科技公司而言或将是震荡的一年”这一说法？,2016/2/12 10:19,2016/2/16 14:27,1297,37,https://www.zhihu.com/questions/40305228
推理小说家（或悬疑小说家）是如何看待东野圭吾的作品的？,2015/11/9 21:23,2015/11/9 22:13,325,17,https://www.zhihu.com/questions/37338505
如何二逼地使用 Kindle？,2016/1/23 11:50,2017/1/9 13:18,1047,123,https://www.zhihu.com/questions/39759934
有个逗比班主任是什么体验？,2015/5/9 12:11,2015/5/9 12:11,17826,1432,https://www.zhihu.com/questions/30220049
哪个学校的网站首页最好看？,2015/1/7 20:39,2015/1/11 10:07,3355,307,https://www.zhihu.com/questions/27457254
哪些书能看一辈子？,2015/5/29 18:47,2016/11/14 20:46,45479,1917,https://www.zhihu.com/questions/30783466
黑客们都干过哪些耪ㄌ斓氖虑椋,2016/2/2 20:42,2016/2/17 17:18,12719,267,https://www.zhihu.com/questions/40078360
用手包住灯管，为什么会呈红色？红色中间的阴影是骨头吗？,2015/12/14 23:22,2016/3/11 17:00,1722,18,https://www.zhihu.com/questions/38525976
中国人到底需要什么样的广电？,2016/1/26 18:33,2017/9/2 23:03,7756,717,https://www.zhihu.com/questions/39858489
大冰写的那些故事是真实的吗？,2015/12/1 16:11,2015/12/1 16:11,519,160,https://www.zhihu.com/questions/38073954
有哪些匪夷所思的合影？,2015/12/21 14:35,2015/12/21 15:06,13264,392,https://www.zhihu.com/questions/38734812
刘慈欣抱着怎样的态度写罗辑庄颜，云天明程心之间的爱情？,2015/11/1 2:39,2015/11/1 2:39,197,30,https://www.zhihu.com/questions/37067647
中国说唱音乐中有哪些佳作？,2012/4/30 18:29,2012/4/30 18:48,2349,381,https://www.zhihu.com/questions/20208651
如何区分大闸蟹、毛蟹、青蟹、梭子蟹、河蟹、红y、螃蜞、帝王蟹、松叶蟹等蟹类物种？,2015/11/10 16:33,2017/10/31 23:58,6214,99,https://www.zhihu.com/questions/37362140
上海有哪些可以安静地待一下午的地方？,2015/2/13 15:33,2017/1/18 18:04,8300,167,https://www.zhihu.com/questions/28165435
上海哪里有好吃正宗不算贵的日本料理？,2012/3/19 15:07,2012/3/19 15:07,19571,192,https://www.zhihu.com/questions/20128992
上海有哪些深藏不露的餐馆？,2014/7/20 16:01,2016/2/22 14:44,43742,289,https://www.zhihu.com/questions/24550268
http://www.spielzeugz.de/html5/liquid-particles-3D/ 这一网站中的粒子的运动规律是什么？,2014/11/2 11:08,2014/11/2 11:08,51,3,https://www.zhihu.com/questions/26445101
有哪些好的网站，让人第一眼看了就怦然心动，流连忘返？,2014/10/28 19:07,2016/12/24 18:18,80694,786,https://www.zhihu.com/questions/26380791
解决城市交通拥堵的办法有哪些？有哪些实际的经验策略？,2012/7/7 9:06,2014/3/26 15:57,169,13,https://www.zhihu.com/questions/20335971
大数据理论如何指导交通数据分析？,2013/7/23 15:18,2013/7/23 15:18,832,24,https://www.zhihu.com/questions/21374161
一个人一生要在红灯前停留多久？,2011/3/26 23:27,2011/3/26 23:27,472,16,https://www.zhihu.com/questions/19581940
为什么城市道路设计是方的呢？如果全改成“三叉口”会不会更好？,2011/5/31 10:18,2013/6/13 18:55,87,18,https://www.zhihu.com/questions/19684810
有哪些结局难猜的故事？,2015/3/13 9:25,2017/9/10 8:48,48226,1611,https://www.zhihu.com/questions/28722946
如何评价李毅吧 2016 年 1 月 20 日「出征」Facebook？,2016/1/20 12:36,2016/2/5 9:36,23767,2010,https://www.zhihu.com/questions/39663757
你是怎样通过学习改变命运的？,2016/1/9 16:34,2016/2/18 11:14,47513,2098,https://www.zhihu.com/questions/39319905
为什么大学过的比高中还累？,2015/11/3 21:06,2015/11/3 21:06,30015,1837,https://www.zhihu.com/questions/37148904
交通工程专业的前景如何？,2015/3/6 23:43,2016/9/26 15:01,1043,65,https://www.zhihu.com/questions/28573109
如何评价同济大学这些年的发展？,2016/1/8 12:00,2016/1/14 11:41,482,102,https://www.zhihu.com/questions/39280751
在上海哪里能吃到正宗的地方美食？,2015/11/7 21:28,2015/11/7 21:28,8606,86,https://www.zhihu.com/questions/37278307
世界名校毕业生，一心只想写小说怎么办？,2015/10/27 13:25,2017/2/27 19:50,15904,1857,https://www.zhihu.com/questions/36919129
如何把握住 20 - 29 岁阶段大脑第二次发育和可塑期？,2014/11/16 11:38,2015/5/10 15:19,38344,481,https://www.zhihu.com/questions/26637558
如何不虚度大学的时光？,2015/10/22 20:13,2017/11/16 9:52,83594,2436,https://www.zhihu.com/questions/36766890
如果真的写一本《金庸群侠传》，应该怎样开头才最惊心动魄？,2015/10/23 12:11,2015/10/26 17:46,5160,327,https://www.zhihu.com/questions/36786594
大陆八十年代开放到什么程度？,2015/10/14 3:24,2017/1/18 15:21,36864,642,https://www.zhihu.com/questions/36473889
如何克服严重的拖延症？,2012/7/16 16:40,2018/2/24 18:10,69046,1302,https://www.zhihu.com/questions/20357585
经常晚十二点后睡觉到底对身体有多大危害？,2011/5/8 0:07,2011/5/8 0:07,28208,592,https://www.zhihu.com/questions/19632354
大神们都存着哪些图片以做回复之用？,2015/9/23 11:07,2016/10/8 23:13,80971,863,https://www.zhihu.com/questions/35874887
Mathematica 到底有多厉害？,2015/1/28 12:45,2017/1/27 10:09,8531,25,https://www.zhihu.com/questions/27834147
在同济大学交通运输工程学院就读是一番怎样的体验？,2015/2/8 21:06,2015/2/8 21:06,246,11,https://www.zhihu.com/questions/28068708
大土木行业未来的转型会是怎么样&最近十几年会有新的就业方向吗？,2015/8/10 18:29,2015/8/12 8:43,997,33,https://www.zhihu.com/questions/34417574
一个人的高考分数能代表什么？能决定什么？,2015/6/25 13:00,2015/7/9 14:38,10,4,https://www.zhihu.com/questions/31608213
