name,link
黄卫东研究员课题组,http://tjjtnew.tongji.edu.cn/hwd/1.html
叶奋、黄彭教授课题组,http://www.tjjt.tongji.edu.cn:8081/yfhp/index.asp
吴兵教授课题组,http://wubing.tongji.edu.cn/
张宏超教授课题组,http://www.tjjt.tongji.edu.cn:8081/zhc/
陆键教授课题组,http://tjjtnew.tongji.edu.cn/lj/
练松良、许玉德课题组,http://lslxyd.web9.dnssky.com/
张戎教授课题组,http://www.tjjt.tongji.edu.cn:4040/index.aspx
杨新安教授课题组,http://www.tunnels.com.cn
曾小清教授课题组,http://jtkz.tongji.edu.cn/
方守恩教授课题组,http://rerc.tongji.edu.cn/group
潘晓东教授课题组,http://pxd.tongji.edu.cn/
徐行方、李枫教授课题组,http://tjjtnew.tongji.edu.cn/xfxu/index.html
谈至明教授课题组,http://tjjtnew.tongji.edu.cn/tzm/1.html
叶霞飞、顾保南教授课题组,http://www.tjrail.cn/
李克平教授课题组,http://web.tongji.edu.cn/~likeping/
孙有望、孙焰教授课题组,http://www.tjjt.tongji.edu.cn:8081/sun/index.htm
杨超教授课题组,http://tjjtnew.tongji.edu.cn/yc/prof.yang.html
杨晓光教授课题组,http://www.yxggroup.com/Index.aspx
凌建明教授课题组,http://www.jmling.com/
郭忠印教授课题组,http://tjroad.tongji.edu.cn
叶昕教授课题组,http://tjtdm.tongji.edu.cn/
杨东援教授课题组,http://www.tongji.edu.cn/~yangdy/V2007/index.htm
王雪松教授课题组,http://www.tjsafety.cn/Default.aspx
周顺华、王炳龙、宫全美教授课题组,http://zhouwanggong.tongji.edu.cn
孙立军教授课题组,http://sunlijun.com/
孙剑教授课题组,http://tops.tongji.edu.cn
陈小鸿、林航飞教授课题组,http://tpm.tongji.edu.cn
